sample_index,sample_id,episode_id,region,timestep_index,timestep,sigma,noise_seed,swapped_action_count,noop_count,noop_fraction,loss_correct,loss_wrong,delta
0,my_way_home_episode_0016_clip_000036,episode_0016,early,100,964,0.9643239974975586,44,10,0,0.0,0.2104303389787674,0.19703100621700287,-0.013399332761764526
0,my_way_home_episode_0016_clip_000036,episode_0016,middle,500,750,0.7503747940063477,45,10,0,0.0,0.14767923951148987,0.15310190618038177,0.005422666668891907
0,my_way_home_episode_0016_clip_000036,episode_0016,late,900,251,0.251872181892395,46,10,0,0.0,0.20674964785575867,0.2083723396062851,0.0016226917505264282
1,my_way_home_episode_0042_clip_000015,episode_0042,early,100,964,0.9643239974975586,47,12,0,0.0,0.16233792901039124,0.19908615946769714,0.03674823045730591
1,my_way_home_episode_0042_clip_000015,episode_0042,middle,500,750,0.7503747940063477,48,12,0,0.0,0.09872560948133469,0.12715768814086914,0.028432078659534454
1,my_way_home_episode_0042_clip_000015,episode_0042,late,900,251,0.251872181892395,49,12,0,0.0,0.20993825793266296,0.2294607311487198,0.019522473216056824
2,my_way_home_episode_0045_clip_000055,episode_0045,early,100,964,0.9643239974975586,50,15,1,0.0625,0.08529331535100937,0.10406626760959625,0.018772952258586884
2,my_way_home_episode_0045_clip_000055,episode_0045,middle,500,750,0.7503747940063477,51,15,1,0.0625,0.0687495693564415,0.07185503095388412,0.003105461597442627
2,my_way_home_episode_0045_clip_000055,episode_0045,late,900,251,0.251872181892395,52,15,1,0.0625,0.26217055320739746,0.25973159074783325,-0.002438962459564209
3,my_way_home_episode_0037_clip_000057,episode_0037,early,100,964,0.9643239974975586,53,7,0,0.0,0.1759326308965683,0.19484855234622955,0.018915921449661255
3,my_way_home_episode_0037_clip_000057,episode_0037,middle,500,750,0.7503747940063477,54,7,0,0.0,0.0639536902308464,0.11618265509605408,0.05222896486520767
3,my_way_home_episode_0037_clip_000057,episode_0037,late,900,251,0.251872181892395,55,7,0,0.0,0.09369226545095444,0.09651801735162735,0.0028257519006729126
4,my_way_home_episode_0027_clip_000011,episode_0027,early,100,964,0.9643239974975586,56,16,0,0.0,0.170876607298851,0.1849392205476761,0.014062613248825073
4,my_way_home_episode_0027_clip_000011,episode_0027,middle,500,750,0.7503747940063477,57,16,0,0.0,0.14104576408863068,0.18327410519123077,0.0422283411026001
4,my_way_home_episode_0027_clip_000011,episode_0027,late,900,251,0.251872181892395,58,16,0,0.0,0.2563941180706024,0.27756360173225403,0.02116948366165161
5,my_way_home_episode_0026_clip_000055,episode_0026,early,100,964,0.9643239974975586,59,9,0,0.0,0.19674016535282135,0.2008393257856369,0.004099160432815552
5,my_way_home_episode_0026_clip_000055,episode_0026,middle,500,750,0.7503747940063477,60,9,0,0.0,0.15296053886413574,0.15225842595100403,-0.0007021129131317139
5,my_way_home_episode_0026_clip_000055,episode_0026,late,900,251,0.251872181892395,61,9,0,0.0,0.2675417363643646,0.2602026164531708,-0.007339119911193848
6,my_way_home_episode_0009_clip_000055,episode_0009,early,100,964,0.9643239974975586,62,14,2,0.125,0.09882350265979767,0.21138450503349304,0.11256100237369537
6,my_way_home_episode_0009_clip_000055,episode_0009,middle,500,750,0.7503747940063477,63,14,2,0.125,0.0638364776968956,0.07108765095472336,0.007251173257827759
6,my_way_home_episode_0009_clip_000055,episode_0009,late,900,251,0.251872181892395,64,14,2,0.125,0.18561510741710663,0.19054760038852692,0.004932492971420288
7,my_way_home_episode_0012_clip_000024,episode_0012,early,100,964,0.9643239974975586,65,11,0,0.0,0.28017860651016235,0.31074151396751404,0.030562907457351685
7,my_way_home_episode_0012_clip_000024,episode_0012,middle,500,750,0.7503747940063477,66,11,0,0.0,0.13236497342586517,0.14114001393318176,0.00877504050731659
7,my_way_home_episode_0012_clip_000024,episode_0012,late,900,251,0.251872181892395,67,11,0,0.0,0.193343847990036,0.20098401606082916,0.007640168070793152
8,my_way_home_episode_0010_clip_000058,episode_0010,early,100,964,0.9643239974975586,68,5,0,0.0,0.1683611422777176,0.1757194697856903,0.007358327507972717
8,my_way_home_episode_0010_clip_000058,episode_0010,middle,500,750,0.7503747940063477,69,5,0,0.0,0.05863552168011665,0.05954185873270035,0.0009063370525836945
8,my_way_home_episode_0010_clip_000058,episode_0010,late,900,251,0.251872181892395,70,5,0,0.0,0.07302884012460709,0.07281550765037537,-0.00021333247423171997
9,my_way_home_episode_0036_clip_000025,episode_0036,early,100,964,0.9643239974975586,71,9,4,0.25,0.15079402923583984,0.20153161883354187,0.050737589597702026
9,my_way_home_episode_0036_clip_000025,episode_0036,middle,500,750,0.7503747940063477,72,9,4,0.25,0.12181182205677032,0.13816556334495544,0.01635374128818512
9,my_way_home_episode_0036_clip_000025,episode_0036,late,900,251,0.251872181892395,73,9,4,0.25,0.22587423026561737,0.23099066317081451,0.0051164329051971436
10,my_way_home_episode_0035_clip_000030,episode_0035,early,100,964,0.9643239974975586,74,9,0,0.0,0.20525743067264557,0.20070435106754303,-0.004553079605102539
10,my_way_home_episode_0035_clip_000030,episode_0035,middle,500,750,0.7503747940063477,75,9,0,0.0,0.07968957722187042,0.10656806826591492,0.026878491044044495
10,my_way_home_episode_0035_clip_000030,episode_0035,late,900,251,0.251872181892395,76,9,0,0.0,0.10955163091421127,0.10786786675453186,-0.0016837641596794128
11,my_way_home_episode_0031_clip_000010,episode_0031,early,100,964,0.9643239974975586,77,6,0,0.0,0.17711418867111206,0.1922566294670105,0.015142440795898438
11,my_way_home_episode_0031_clip_000010,episode_0031,middle,500,750,0.7503747940063477,78,6,0,0.0,0.164199560880661,0.18259352445602417,0.01839396357536316
11,my_way_home_episode_0031_clip_000010,episode_0031,late,900,251,0.251872181892395,79,6,0,0.0,0.29360759258270264,0.31108278036117554,0.0174751877784729
12,my_way_home_episode_0028_clip_000011,episode_0028,early,100,964,0.9643239974975586,80,8,8,0.5,0.12545578181743622,0.14148682355880737,0.016031041741371155
12,my_way_home_episode_0028_clip_000011,episode_0028,middle,500,750,0.7503747940063477,81,8,8,0.5,0.08540810644626617,0.0928780734539032,0.007469967007637024
12,my_way_home_episode_0028_clip_000011,episode_0028,late,900,251,0.251872181892395,82,8,8,0.5,0.16094575822353363,0.16306567192077637,0.002119913697242737
13,my_way_home_episode_0043_clip_000049,episode_0043,early,100,964,0.9643239974975586,83,16,0,0.0,0.21088260412216187,0.2589743733406067,0.048091769218444824
13,my_way_home_episode_0043_clip_000049,episode_0043,middle,500,750,0.7503747940063477,84,16,0,0.0,0.12209975719451904,0.13035355508327484,0.008253797888755798
13,my_way_home_episode_0043_clip_000049,episode_0043,late,900,251,0.251872181892395,85,16,0,0.0,0.19684363901615143,0.2044321596622467,0.007588520646095276
14,my_way_home_episode_0048_clip_000031,episode_0048,early,100,964,0.9643239974975586,86,6,9,0.5625,0.16752691566944122,0.1912355273962021,0.023708611726760864
14,my_way_home_episode_0048_clip_000031,episode_0048,middle,500,750,0.7503747940063477,87,6,9,0.5625,0.08284994959831238,0.08731459081172943,0.004464641213417053
14,my_way_home_episode_0048_clip_000031,episode_0048,late,900,251,0.251872181892395,88,6,9,0.5625,0.16519570350646973,0.16716228425502777,0.0019665807485580444
15,my_way_home_episode_0039_clip_000025,episode_0039,early,100,964,0.9643239974975586,89,7,0,0.0,0.1577800065279007,0.1904902160167694,0.03271020948886871
15,my_way_home_episode_0039_clip_000025,episode_0039,middle,500,750,0.7503747940063477,90,7,0,0.0,0.05045335367321968,0.07087934017181396,0.020425986498594284
15,my_way_home_episode_0039_clip_000025,episode_0039,late,900,251,0.251872181892395,91,7,0,0.0,0.09483880549669266,0.09704031050205231,0.0022015050053596497
16,my_way_home_episode_0020_clip_000055,episode_0020,early,100,964,0.9643239974975586,92,16,0,0.0,0.12727366387844086,0.19445790350437164,0.06718423962593079
16,my_way_home_episode_0020_clip_000055,episode_0020,middle,500,750,0.7503747940063477,93,16,0,0.0,0.05944972485303879,0.06561286747455597,0.006163142621517181
16,my_way_home_episode_0020_clip_000055,episode_0020,late,900,251,0.251872181892395,94,16,0,0.0,0.1949898898601532,0.21626831591129303,0.02127842605113983
17,my_way_home_episode_0024_clip_000004,episode_0024,early,100,964,0.9643239974975586,95,7,9,0.5625,0.13931432366371155,0.1549149453639984,0.015600621700286865
17,my_way_home_episode_0024_clip_000004,episode_0024,middle,500,750,0.7503747940063477,96,7,9,0.5625,0.04521217569708824,0.054105233401060104,0.008893057703971863
17,my_way_home_episode_0024_clip_000004,episode_0024,late,900,251,0.251872181892395,97,7,9,0.5625,0.08621659874916077,0.08608130365610123,-0.0001352950930595398
18,my_way_home_episode_0044_clip_000048,episode_0044,early,100,964,0.9643239974975586,98,9,0,0.0,0.3350488543510437,0.3664005398750305,0.031351685523986816
18,my_way_home_episode_0044_clip_000048,episode_0044,middle,500,750,0.7503747940063477,99,9,0,0.0,0.033901482820510864,0.039167191833257675,0.005265709012746811
18,my_way_home_episode_0044_clip_000048,episode_0044,late,900,251,0.251872181892395,100,9,0,0.0,0.0753738060593605,0.07637844979763031,0.001004643738269806
19,my_way_home_episode_0002_clip_000053,episode_0002,early,100,964,0.9643239974975586,101,7,0,0.0,0.16310802102088928,0.15399110317230225,-0.009116917848587036
19,my_way_home_episode_0002_clip_000053,episode_0002,middle,500,750,0.7503747940063477,102,7,0,0.0,0.1024034321308136,0.11108804494142532,0.008684612810611725
19,my_way_home_episode_0002_clip_000053,episode_0002,late,900,251,0.251872181892395,103,7,0,0.0,0.234477698802948,0.23240801692008972,-0.0020696818828582764
20,my_way_home_episode_0049_clip_000026,episode_0049,early,100,964,0.9643239974975586,104,12,0,0.0,0.1590530127286911,0.21782620251178741,0.058773189783096313
20,my_way_home_episode_0049_clip_000026,episode_0049,middle,500,750,0.7503747940063477,105,12,0,0.0,0.10119659453630447,0.12214156240224838,0.02094496786594391
20,my_way_home_episode_0049_clip_000026,episode_0049,late,900,251,0.251872181892395,106,12,0,0.0,0.25689244270324707,0.27094516158103943,0.014052718877792358
21,my_way_home_episode_0041_clip_000019,episode_0041,early,100,964,0.9643239974975586,107,5,0,0.0,0.16937807202339172,0.15295158326625824,-0.016426488757133484
21,my_way_home_episode_0041_clip_000019,episode_0041,middle,500,750,0.7503747940063477,108,5,0,0.0,0.039706386625766754,0.05418230965733528,0.014475923031568527
21,my_way_home_episode_0041_clip_000019,episode_0041,late,900,251,0.251872181892395,109,5,0,0.0,0.08129554986953735,0.08156802505254745,0.0002724751830101013
22,my_way_home_episode_0004_clip_000027,episode_0004,early,100,964,0.9643239974975586,110,3,6,0.375,0.13192787766456604,0.13910669088363647,0.007178813219070435
22,my_way_home_episode_0004_clip_000027,episode_0004,middle,500,750,0.7503747940063477,111,3,6,0.375,0.07012134045362473,0.07159584760665894,0.0014745071530342102
22,my_way_home_episode_0004_clip_000027,episode_0004,late,900,251,0.251872181892395,112,3,6,0.375,0.13908739387989044,0.13943225145339966,0.0003448575735092163
23,my_way_home_episode_0018_clip_000023,episode_0018,early,100,964,0.9643239974975586,113,8,8,0.5,0.1122376099228859,0.13189390301704407,0.019656293094158173
23,my_way_home_episode_0018_clip_000023,episode_0018,middle,500,750,0.7503747940063477,114,8,8,0.5,0.05589445307850838,0.07238228619098663,0.016487833112478256
23,my_way_home_episode_0018_clip_000023,episode_0018,late,900,251,0.251872181892395,115,8,8,0.5,0.16121239960193634,0.18021906912326813,0.019006669521331787
24,my_way_home_episode_0032_clip_000028,episode_0032,early,100,964,0.9643239974975586,116,8,0,0.0,0.14079010486602783,0.19679836928844452,0.05600826442241669
24,my_way_home_episode_0032_clip_000028,episode_0032,middle,500,750,0.7503747940063477,117,8,0,0.0,0.05103251710534096,0.11856971681118011,0.06753719970583916
24,my_way_home_episode_0032_clip_000028,episode_0032,late,900,251,0.251872181892395,118,8,0,0.0,0.08514951169490814,0.09015561640262604,0.0050061047077178955
25,my_way_home_episode_0005_clip_000043,episode_0005,early,100,964,0.9643239974975586,119,5,2,0.125,0.1867551952600479,0.18250231444835663,-0.004252880811691284
25,my_way_home_episode_0005_clip_000043,episode_0005,middle,500,750,0.7503747940063477,120,5,2,0.125,0.11299432069063187,0.11377271264791489,0.00077839195728302
25,my_way_home_episode_0005_clip_000043,episode_0005,late,900,251,0.251872181892395,121,5,2,0.125,0.25210461020469666,0.2532706558704376,0.0011660456657409668
26,my_way_home_episode_0050_clip_000037,episode_0050,early,100,964,0.9643239974975586,122,16,0,0.0,0.23716123402118683,0.31921759247779846,0.08205635845661163
26,my_way_home_episode_0050_clip_000037,episode_0050,middle,500,750,0.7503747940063477,123,16,0,0.0,0.0630854070186615,0.08644873648881912,0.023363329470157623
26,my_way_home_episode_0050_clip_000037,episode_0050,late,900,251,0.251872181892395,124,16,0,0.0,0.10559112578630447,0.10981498658657074,0.004223860800266266
27,my_way_home_episode_0013_clip_000006,episode_0013,early,100,964,0.9643239974975586,125,13,3,0.1875,0.22921879589557648,0.4519168436527252,0.22269804775714874
27,my_way_home_episode_0013_clip_000006,episode_0013,middle,500,750,0.7503747940063477,126,13,3,0.1875,0.08780975639820099,0.08885826915502548,0.0010485127568244934
27,my_way_home_episode_0013_clip_000006,episode_0013,late,900,251,0.251872181892395,127,13,3,0.1875,0.20110934972763062,0.20153291523456573,0.00042356550693511963
28,my_way_home_episode_0029_clip_000006,episode_0029,early,100,964,0.9643239974975586,128,11,0,0.0,0.2799876928329468,0.275497168302536,-0.004490524530410767
28,my_way_home_episode_0029_clip_000006,episode_0029,middle,500,750,0.7503747940063477,129,11,0,0.0,0.10560739785432816,0.10810835659503937,0.002500958740711212
28,my_way_home_episode_0029_clip_000006,episode_0029,late,900,251,0.251872181892395,130,11,0,0.0,0.12552163004875183,0.12669913470745087,0.0011775046586990356
29,my_way_home_episode_0030_clip_000048,episode_0030,early,100,964,0.9643239974975586,131,8,8,0.5,0.20221544802188873,0.22594480216503143,0.0237293541431427
29,my_way_home_episode_0030_clip_000048,episode_0030,middle,500,750,0.7503747940063477,132,8,8,0.5,0.0636281743645668,0.06360414624214172,-2.4028122425079346e-05
29,my_way_home_episode_0030_clip_000048,episode_0030,late,900,251,0.251872181892395,133,8,8,0.5,0.11720792204141617,0.1206749752163887,0.003467053174972534
30,my_way_home_episode_0003_clip_000028,episode_0003,early,100,964,0.9643239974975586,134,12,0,0.0,0.1969660371541977,0.20070110261440277,0.003735065460205078
30,my_way_home_episode_0003_clip_000028,episode_0003,middle,500,750,0.7503747940063477,135,12,0,0.0,0.07687050104141235,0.08149280399084091,0.004622302949428558
30,my_way_home_episode_0003_clip_000028,episode_0003,late,900,251,0.251872181892395,136,12,0,0.0,0.19195789098739624,0.19367970526218414,0.0017218142747879028
31,my_way_home_episode_0022_clip_000055,episode_0022,early,100,964,0.9643239974975586,137,9,0,0.0,0.28549423813819885,0.3059157431125641,0.020421504974365234
31,my_way_home_episode_0022_clip_000055,episode_0022,middle,500,750,0.7503747940063477,138,9,0,0.0,0.07495342940092087,0.08452748507261276,0.009574055671691895
31,my_way_home_episode_0022_clip_000055,episode_0022,late,900,251,0.251872181892395,139,9,0,0.0,0.11107851564884186,0.11103156954050064,-4.694610834121704e-05
32,my_way_home_episode_0019_clip_000023,episode_0019,early,100,964,0.9643239974975586,140,7,4,0.25,0.15332689881324768,0.15090268850326538,-0.0024242103099823
32,my_way_home_episode_0019_clip_000023,episode_0019,middle,500,750,0.7503747940063477,141,7,4,0.25,0.08991528302431107,0.09407670795917511,0.004161424934864044
32,my_way_home_episode_0019_clip_000023,episode_0019,late,900,251,0.251872181892395,142,7,4,0.25,0.11140044778585434,0.1129777804017067,0.001577332615852356
33,my_way_home_episode_0000_clip_000038,episode_0000,early,100,964,0.9643239974975586,143,15,1,0.0625,0.18705855309963226,0.18809789419174194,0.0010393410921096802
33,my_way_home_episode_0000_clip_000038,episode_0000,middle,500,750,0.7503747940063477,144,15,1,0.0625,0.0960986390709877,0.11441586166620255,0.018317222595214844
33,my_way_home_episode_0000_clip_000038,episode_0000,late,900,251,0.251872181892395,145,15,1,0.0625,0.1435510218143463,0.14772942662239075,0.004178404808044434
34,my_way_home_episode_0011_clip_000020,episode_0011,early,100,964,0.9643239974975586,146,11,5,0.3125,0.18297936022281647,0.17191335558891296,-0.011066004633903503
34,my_way_home_episode_0011_clip_000020,episode_0011,middle,500,750,0.7503747940063477,147,11,5,0.3125,0.07221976667642593,0.08209189027547836,0.00987212359905243
34,my_way_home_episode_0011_clip_000020,episode_0011,late,900,251,0.251872181892395,148,11,5,0.3125,0.17049166560173035,0.1705954223871231,0.00010375678539276123
35,my_way_home_episode_0038_clip_000050,episode_0038,early,100,964,0.9643239974975586,149,7,0,0.0,0.16255490481853485,0.16315022110939026,0.0005953162908554077
35,my_way_home_episode_0038_clip_000050,episode_0038,middle,500,750,0.7503747940063477,150,7,0,0.0,0.13497237861156464,0.13729161024093628,0.002319231629371643
35,my_way_home_episode_0038_clip_000050,episode_0038,late,900,251,0.251872181892395,151,7,0,0.0,0.1922576129436493,0.19491097331047058,0.002653360366821289
36,my_way_home_episode_0046_clip_000052,episode_0046,early,100,964,0.9643239974975586,152,16,0,0.0,0.16652946174144745,0.24717357754707336,0.08064411580562592
36,my_way_home_episode_0046_clip_000052,episode_0046,middle,500,750,0.7503747940063477,153,16,0,0.0,0.1527220904827118,0.14847412705421448,-0.0042479634284973145
36,my_way_home_episode_0046_clip_000052,episode_0046,late,900,251,0.251872181892395,154,16,0,0.0,0.2522065341472626,0.2531142830848694,0.0009077489376068115
37,my_way_home_episode_0033_clip_000058,episode_0033,early,100,964,0.9643239974975586,155,12,1,0.0625,0.18597382307052612,0.2436404973268509,0.05766667425632477
37,my_way_home_episode_0033_clip_000058,episode_0033,middle,500,750,0.7503747940063477,156,12,1,0.0625,0.07767350971698761,0.11798781901597977,0.04031430929899216
37,my_way_home_episode_0033_clip_000058,episode_0033,late,900,251,0.251872181892395,157,12,1,0.0625,0.11844794452190399,0.12576161324977875,0.007313668727874756
39,my_way_home_episode_0021_clip_000025,episode_0021,early,100,964,0.9643239974975586,161,16,0,0.0,0.16228005290031433,0.18677009642124176,0.02449004352092743
39,my_way_home_episode_0021_clip_000025,episode_0021,middle,500,750,0.7503747940063477,162,16,0,0.0,0.13464687764644623,0.15810221433639526,0.023455336689949036
39,my_way_home_episode_0021_clip_000025,episode_0021,late,900,251,0.251872181892395,163,16,0,0.0,0.27177196741104126,0.29737719893455505,0.025605231523513794
40,my_way_home_episode_0023_clip_000009,episode_0023,early,100,964,0.9643239974975586,164,6,0,0.0,0.07552023231983185,0.08746092021465302,0.011940687894821167
40,my_way_home_episode_0023_clip_000009,episode_0023,middle,500,750,0.7503747940063477,165,6,0,0.0,0.0808042660355568,0.0822986364364624,0.0014943704009056091
40,my_way_home_episode_0023_clip_000009,episode_0023,late,900,251,0.251872181892395,166,6,0,0.0,0.30185991525650024,0.30309030413627625,0.001230388879776001
41,my_way_home_episode_0016_clip_000059,episode_0016,early,100,964,0.9643239974975586,167,9,7,0.4375,0.16079208254814148,0.14803285896778107,-0.012759223580360413
41,my_way_home_episode_0016_clip_000059,episode_0016,middle,500,750,0.7503747940063477,168,9,7,0.4375,0.08374219387769699,0.08752843737602234,0.003786243498325348
41,my_way_home_episode_0016_clip_000059,episode_0016,late,900,251,0.251872181892395,169,9,7,0.4375,0.20174476504325867,0.2029581516981125,0.0012133866548538208
42,my_way_home_episode_0042_clip_000052,episode_0042,early,100,964,0.9643239974975586,170,16,0,0.0,0.13692541420459747,0.1794806569814682,0.04255524277687073
42,my_way_home_episode_0042_clip_000052,episode_0042,middle,500,750,0.7503747940063477,171,16,0,0.0,0.07146403193473816,0.09246817976236343,0.021004147827625275
42,my_way_home_episode_0042_clip_000052,episode_0042,late,900,251,0.251872181892395,172,16,0,0.0,0.1950816810131073,0.21103717386722565,0.015955492854118347
43,my_way_home_episode_0045_clip_000042,episode_0045,early,100,964,0.9643239974975586,173,11,5,0.3125,0.16089829802513123,0.20392724871635437,0.043028950691223145
43,my_way_home_episode_0045_clip_000042,episode_0045,middle,500,750,0.7503747940063477,174,11,5,0.3125,0.07736863940954208,0.10460440069437027,0.027235761284828186
43,my_way_home_episode_0045_clip_000042,episode_0045,late,900,251,0.251872181892395,175,11,5,0.3125,0.1615159809589386,0.16918131709098816,0.0076653361320495605
44,my_way_home_episode_0037_clip_000019,episode_0037,early,100,964,0.9643239974975586,176,12,0,0.0,0.15484505891799927,0.17804022133350372,0.023195162415504456
44,my_way_home_episode_0037_clip_000019,episode_0037,middle,500,750,0.7503747940063477,177,12,0,0.0,0.07394511997699738,0.1383713334798813,0.06442621350288391
44,my_way_home_episode_0037_clip_000019,episode_0037,late,900,251,0.251872181892395,178,12,0,0.0,0.1054016724228859,0.11368229240179062,0.008280619978904724
45,my_way_home_episode_0027_clip_000047,episode_0027,early,100,964,0.9643239974975586,179,7,9,0.5625,0.16972316801548004,0.18154016137123108,0.011816993355751038
45,my_way_home_episode_0027_clip_000047,episode_0027,middle,500,750,0.7503747940063477,180,7,9,0.5625,0.0799361988902092,0.09774719178676605,0.017810992896556854
45,my_way_home_episode_0027_clip_000047,episode_0027,late,900,251,0.251872181892395,181,7,9,0.5625,0.20412690937519073,0.20789317786693573,0.003766268491744995
46,my_way_home_episode_0026_clip_000027,episode_0026,early,100,964,0.9643239974975586,182,9,7,0.4375,0.1871282011270523,0.1998949497938156,0.012766748666763306
46,my_way_home_episode_0026_clip_000027,episode_0026,middle,500,750,0.7503747940063477,183,9,7,0.4375,0.04803836718201637,0.05520393326878548,0.007165566086769104
46,my_way_home_episode_0026_clip_000027,episode_0026,late,900,251,0.251872181892395,184,9,7,0.4375,0.09880056232213974,0.10231999307870865,0.0035194307565689087
47,my_way_home_episode_0009_clip_000050,episode_0009,early,100,964,0.9643239974975586,185,8,0,0.0,0.18266509473323822,0.29969245195388794,0.11702735722064972
47,my_way_home_episode_0009_clip_000050,episode_0009,middle,500,750,0.7503747940063477,186,8,0,0.0,0.09396720677614212,0.10128720104694366,0.007319994270801544
47,my_way_home_episode_0009_clip_000050,episode_0009,late,900,251,0.251872181892395,187,8,0,0.0,0.1819179207086563,0.18339034914970398,0.0014724284410476685
48,my_way_home_episode_0012_clip_000016,episode_0012,early,100,964,0.9643239974975586,188,6,10,0.625,0.13335363566875458,0.17024222016334534,0.03688858449459076
48,my_way_home_episode_0012_clip_000016,episode_0012,middle,500,750,0.7503747940063477,189,6,10,0.625,0.08881156891584396,0.09126978367567062,0.00245821475982666
48,my_way_home_episode_0012_clip_000016,episode_0012,late,900,251,0.251872181892395,190,6,10,0.625,0.20292319357395172,0.20441322028636932,0.0014900267124176025
49,my_way_home_episode_0010_clip_000014,episode_0010,early,100,964,0.9643239974975586,191,16,0,0.0,0.077024444937706,0.09417327493429184,0.017148829996585846
49,my_way_home_episode_0010_clip_000014,episode_0010,middle,500,750,0.7503747940063477,192,16,0,0.0,0.061750832945108414,0.09319987893104553,0.03144904598593712
49,my_way_home_episode_0010_clip_000014,episode_0010,late,900,251,0.251872181892395,193,16,0,0.0,0.16032257676124573,0.17136503756046295,0.011042460799217224
50,my_way_home_episode_0036_clip_000011,episode_0036,early,100,964,0.9643239974975586,194,1,4,0.25,0.23238278925418854,0.23528426885604858,0.0029014796018600464
50,my_way_home_episode_0036_clip_000011,episode_0036,middle,500,750,0.7503747940063477,195,1,4,0.25,0.028645943850278854,0.034260671585798264,0.005614727735519409
50,my_way_home_episode_0036_clip_000011,episode_0036,late,900,251,0.251872181892395,196,1,4,0.25,0.06842970103025436,0.06911414861679077,0.0006844475865364075
51,my_way_home_episode_0035_clip_000060,episode_0035,early,100,964,0.9643239974975586,197,14,2,0.125,0.11144533008337021,0.1364346742630005,0.02498934417963028
51,my_way_home_episode_0035_clip_000060,episode_0035,middle,500,750,0.7503747940063477,198,14,2,0.125,0.05666186287999153,0.08320712298154831,0.026545260101556778
51,my_way_home_episode_0035_clip_000060,episode_0035,late,900,251,0.251872181892395,199,14,2,0.125,0.11185024678707123,0.11995263397693634,0.008102387189865112
52,my_way_home_episode_0031_clip_000024,episode_0031,early,100,964,0.9643239974975586,200,16,0,0.0,0.14100679755210876,0.1434255689382553,0.0024187713861465454
52,my_way_home_episode_0031_clip_000024,episode_0031,middle,500,750,0.7503747940063477,201,16,0,0.0,0.10125724226236343,0.12532100081443787,0.024063758552074432
52,my_way_home_episode_0031_clip_000024,episode_0031,late,900,251,0.251872181892395,202,16,0,0.0,0.25508058071136475,0.2768175005912781,0.02173691987991333
53,my_way_home_episode_0028_clip_000015,episode_0028,early,100,964,0.9643239974975586,203,14,1,0.0625,0.10988940298557281,0.10845507681369781,-0.001434326171875
53,my_way_home_episode_0028_clip_000015,episode_0028,middle,500,750,0.7503747940063477,204,14,1,0.0625,0.1102948933839798,0.1026063859462738,-0.007688507437705994
53,my_way_home_episode_0028_clip_000015,episode_0028,late,900,251,0.251872181892395,205,14,1,0.0625,0.2585393190383911,0.255210816860199,-0.0033285021781921387
54,my_way_home_episode_0043_clip_000031,episode_0043,early,100,964,0.9643239974975586,206,16,0,0.0,0.2495955526828766,0.2606280744075775,0.011032521724700928
54,my_way_home_episode_0043_clip_000031,episode_0043,middle,500,750,0.7503747940063477,207,16,0,0.0,0.09554294496774673,0.13709278404712677,0.041549839079380035
54,my_way_home_episode_0043_clip_000031,episode_0043,late,900,251,0.251872181892395,208,16,0,0.0,0.1760801523923874,0.18962766230106354,0.013547509908676147
55,my_way_home_episode_0048_clip_000034,episode_0048,early,100,964,0.9643239974975586,209,6,0,0.0,0.22727979719638824,0.23527589440345764,0.007996097207069397
55,my_way_home_episode_0048_clip_000034,episode_0048,middle,500,750,0.7503747940063477,210,6,0,0.0,0.06328179687261581,0.08115651458501816,0.017874717712402344
55,my_way_home_episode_0048_clip_000034,episode_0048,late,900,251,0.251872181892395,211,6,0,0.0,0.12732712924480438,0.12949708104133606,0.0021699517965316772
56,my_way_home_episode_0039_clip_000059,episode_0039,early,100,964,0.9643239974975586,212,3,13,0.8125,0.16883398592472076,0.17823192477226257,0.009397938847541809
56,my_way_home_episode_0039_clip_000059,episode_0039,middle,500,750,0.7503747940063477,213,3,13,0.8125,0.029229575768113136,0.0303603857755661,0.0011308100074529648
56,my_way_home_episode_0039_clip_000059,episode_0039,late,900,251,0.251872181892395,214,3,13,0.8125,0.06632579863071442,0.06551574170589447,-0.0008100569248199463
57,my_way_home_episode_0020_clip_000008,episode_0020,early,100,964,0.9643239974975586,215,10,6,0.375,0.11274196952581406,0.11374964565038681,0.001007676124572754
57,my_way_home_episode_0020_clip_000008,episode_0020,middle,500,750,0.7503747940063477,216,10,6,0.375,0.06571563333272934,0.13018377125263214,0.0644681379199028
57,my_way_home_episode_0020_clip_000008,episode_0020,late,900,251,0.251872181892395,217,10,6,0.375,0.091424860060215,0.09152666479349136,0.00010180473327636719
58,my_way_home_episode_0024_clip_000023,episode_0024,early,100,964,0.9643239974975586,218,9,7,0.4375,0.19867382943630219,0.23250417411327362,0.033830344676971436
58,my_way_home_episode_0024_clip_000023,episode_0024,middle,500,750,0.7503747940063477,219,9,7,0.4375,0.059660062193870544,0.07434313744306564,0.014683075249195099
58,my_way_home_episode_0024_clip_000023,episode_0024,late,900,251,0.251872181892395,220,9,7,0.4375,0.1626168042421341,0.1679312288761139,0.005314424633979797
59,my_way_home_episode_0044_clip_000002,episode_0044,early,100,964,0.9643239974975586,221,15,1,0.0625,0.1448318362236023,0.16773387789726257,0.02290204167366028
59,my_way_home_episode_0044_clip_000002,episode_0044,middle,500,750,0.7503747940063477,222,15,1,0.0625,0.07014797627925873,0.11959312111139297,0.04944514483213425
59,my_way_home_episode_0044_clip_000002,episode_0044,late,900,251,0.251872181892395,223,15,1,0.0625,0.16834360361099243,0.17805106937885284,0.009707465767860413
60,my_way_home_episode_0002_clip_000031,episode_0002,early,100,964,0.9643239974975586,224,6,5,0.3125,0.1650243103504181,0.26071175932884216,0.09568744897842407
60,my_way_home_episode_0002_clip_000031,episode_0002,middle,500,750,0.7503747940063477,225,6,5,0.3125,0.04046313464641571,0.052823249250650406,0.012360114604234695
60,my_way_home_episode_0002_clip_000031,episode_0002,late,900,251,0.251872181892395,226,6,5,0.3125,0.07723623514175415,0.07860115170478821,0.0013649165630340576
61,my_way_home_episode_0049_clip_000040,episode_0049,early,100,964,0.9643239974975586,227,10,0,0.0,0.11864681541919708,0.14050744473934174,0.021860629320144653
61,my_way_home_episode_0049_clip_000040,episode_0049,middle,500,750,0.7503747940063477,228,10,0,0.0,0.06651820242404938,0.09100619703531265,0.024487994611263275
61,my_way_home_episode_0049_clip_000040,episode_0049,late,900,251,0.251872181892395,229,10,0,0.0,0.16612911224365234,0.17778809368610382,0.011658981442451477
62,my_way_home_episode_0041_clip_000026,episode_0041,early,100,964,0.9643239974975586,230,16,0,0.0,0.1406109780073166,0.15426383912563324,0.01365286111831665
62,my_way_home_episode_0041_clip_000026,episode_0041,middle,500,750,0.7503747940063477,231,16,0,0.0,0.07310397922992706,0.12787368893623352,0.05476970970630646
62,my_way_home_episode_0041_clip_000026,episode_0041,late,900,251,0.251872181892395,232,16,0,0.0,0.1261540949344635,0.13177764415740967,0.005623549222946167
63,my_way_home_episode_0004_clip_000022,episode_0004,early,100,964,0.9643239974975586,233,4,8,0.5,0.24149973690509796,0.2619042992591858,0.02040456235408783
63,my_way_home_episode_0004_clip_000022,episode_0004,middle,500,750,0.7503747940063477,234,4,8,0.5,0.02941988967359066,0.03323565796017647,0.003815768286585808
63,my_way_home_episode_0004_clip_000022,episode_0004,late,900,251,0.251872181892395,235,4,8,0.5,0.06314035505056381,0.0648573562502861,0.00171700119972229
64,my_way_home_episode_0018_clip_000039,episode_0018,early,100,964,0.9643239974975586,236,4,0,0.0,0.21956771612167358,0.21772067248821259,-0.0018470436334609985
64,my_way_home_episode_0018_clip_000039,episode_0018,middle,500,750,0.7503747940063477,237,4,0,0.0,0.08188607543706894,0.08562341332435608,0.00373733788728714
64,my_way_home_episode_0018_clip_000039,episode_0018,late,900,251,0.251872181892395,238,4,0,0.0,0.11946658045053482,0.11811894178390503,-0.0013476386666297913
65,my_way_home_episode_0032_clip_000005,episode_0032,early,100,964,0.9643239974975586,239,13,3,0.1875,0.1861218512058258,0.19641704857349396,0.010295197367668152
65,my_way_home_episode_0032_clip_000005,episode_0032,middle,500,750,0.7503747940063477,240,13,3,0.1875,0.12878483533859253,0.14300303161144257,0.014218196272850037
65,my_way_home_episode_0032_clip_000005,episode_0032,late,900,251,0.251872181892395,241,13,3,0.1875,0.24619874358177185,0.25262051820755005,0.006421774625778198
66,my_way_home_episode_0005_clip_000053,episode_0005,early,100,964,0.9643239974975586,242,9,7,0.4375,0.1280342936515808,0.2003559172153473,0.07232162356376648
66,my_way_home_episode_0005_clip_000053,episode_0005,middle,500,750,0.7503747940063477,243,9,7,0.4375,0.052025314420461655,0.08465450257062912,0.032629188150167465
66,my_way_home_episode_0005_clip_000053,episode_0005,late,900,251,0.251872181892395,244,9,7,0.4375,0.10831005871295929,0.11588208377361298,0.0075720250606536865
67,my_way_home_episode_0050_clip_000049,episode_0050,early,100,964,0.9643239974975586,245,8,3,0.1875,0.13303504884243011,0.2631898522377014,0.1301548033952713
67,my_way_home_episode_0050_clip_000049,episode_0050,middle,500,750,0.7503747940063477,246,8,3,0.1875,0.06035599112510681,0.07601036876440048,0.01565437763929367
67,my_way_home_episode_0050_clip_000049,episode_0050,late,900,251,0.251872181892395,247,8,3,0.1875,0.15158908069133759,0.15403763949871063,0.002448558807373047
68,my_way_home_episode_0013_clip_000009,episode_0013,early,100,964,0.9643239974975586,248,6,10,0.625,0.0823625698685646,0.3809720277786255,0.2986094579100609
68,my_way_home_episode_0013_clip_000009,episode_0013,middle,500,750,0.7503747940063477,249,6,10,0.625,0.02787690795958042,0.0359974130988121,0.008120505139231682
68,my_way_home_episode_0013_clip_000009,episode_0013,late,900,251,0.251872181892395,250,6,10,0.625,0.07129590958356857,0.07523252815008163,0.0039366185665130615
69,my_way_home_episode_0029_clip_000033,episode_0029,early,100,964,0.9643239974975586,251,16,0,0.0,0.10109434276819229,0.12343517690896988,0.022340834140777588
69,my_way_home_episode_0029_clip_000033,episode_0029,middle,500,750,0.7503747940063477,252,16,0,0.0,0.0681912824511528,0.13434328138828278,0.06615199893712997
69,my_way_home_episode_0029_clip_000033,episode_0029,late,900,251,0.251872181892395,253,16,0,0.0,0.180021271109581,0.19237372279167175,0.01235245168209076
70,my_way_home_episode_0030_clip_000014,episode_0030,early,100,964,0.9643239974975586,254,9,0,0.0,0.18221355974674225,0.25148648023605347,0.06927292048931122
70,my_way_home_episode_0030_clip_000014,episode_0030,middle,500,750,0.7503747940063477,255,9,0,0.0,0.09149660915136337,0.10384657233953476,0.012349963188171387
70,my_way_home_episode_0030_clip_000014,episode_0030,late,900,251,0.251872181892395,256,9,0,0.0,0.15991008281707764,0.16297467052936554,0.003064587712287903
71,my_way_home_episode_0003_clip_000020,episode_0003,early,100,964,0.9643239974975586,257,16,0,0.0,0.1536421775817871,0.17123132944107056,0.017589151859283447
71,my_way_home_episode_0003_clip_000020,episode_0003,middle,500,750,0.7503747940063477,258,16,0,0.0,0.1091739684343338,0.13172152638435364,0.022547557950019836
71,my_way_home_episode_0003_clip_000020,episode_0003,late,900,251,0.251872181892395,259,16,0,0.0,0.2643667459487915,0.27683359384536743,0.012466847896575928
72,my_way_home_episode_0022_clip_000044,episode_0022,early,100,964,0.9643239974975586,260,5,11,0.6875,0.1573830395936966,0.2034488022327423,0.046065762639045715
72,my_way_home_episode_0022_clip_000044,episode_0022,middle,500,750,0.7503747940063477,261,5,11,0.6875,0.07566115260124207,0.08661506325006485,0.010953910648822784
72,my_way_home_episode_0022_clip_000044,episode_0022,late,900,251,0.251872181892395,262,5,11,0.6875,0.17781224846839905,0.18363521993160248,0.00582297146320343
73,my_way_home_episode_0019_clip_000010,episode_0019,early,100,964,0.9643239974975586,263,4,9,0.5625,0.19765739142894745,0.1936900019645691,-0.003967389464378357
73,my_way_home_episode_0019_clip_000010,episode_0019,middle,500,750,0.7503747940063477,264,4,9,0.5625,0.10498340427875519,0.11003659665584564,0.005053192377090454
73,my_way_home_episode_0019_clip_000010,episode_0019,late,900,251,0.251872181892395,265,4,9,0.5625,0.18932169675827026,0.1893671303987503,4.5433640480041504e-05
74,my_way_home_episode_0000_clip_000008,episode_0000,early,100,964,0.9643239974975586,266,5,0,0.0,0.2121211737394333,0.2209174931049347,0.008796319365501404
74,my_way_home_episode_0000_clip_000008,episode_0000,middle,500,750,0.7503747940063477,267,5,0,0.0,0.05434957891702652,0.10028497129678726,0.04593539237976074
74,my_way_home_episode_0000_clip_000008,episode_0000,late,900,251,0.251872181892395,268,5,0,0.0,0.08747104555368423,0.09362979978322983,0.006158754229545593
75,my_way_home_episode_0011_clip_000060,episode_0011,early,100,964,0.9643239974975586,269,10,0,0.0,0.25709840655326843,0.2486833930015564,-0.008415013551712036
75,my_way_home_episode_0011_clip_000060,episode_0011,middle,500,750,0.7503747940063477,270,10,0,0.0,0.17344102263450623,0.1786249727010727,0.005183950066566467
75,my_way_home_episode_0011_clip_000060,episode_0011,late,900,251,0.251872181892395,271,10,0,0.0,0.21406039595603943,0.22164151072502136,0.007581114768981934
76,my_way_home_episode_0038_clip_000028,episode_0038,early,100,964,0.9643239974975586,272,16,0,0.0,0.12180198729038239,0.158722922205925,0.0369209349155426
76,my_way_home_episode_0038_clip_000028,episode_0038,middle,500,750,0.7503747940063477,273,16,0,0.0,0.0733584389090538,0.08663240075111389,0.013273961842060089
76,my_way_home_episode_0038_clip_000028,episode_0038,late,900,251,0.251872181892395,274,16,0,0.0,0.2139156013727188,0.21767732501029968,0.0037617236375808716
77,my_way_home_episode_0046_clip_000014,episode_0046,early,100,964,0.9643239974975586,275,11,5,0.3125,0.1923765391111374,0.4826362729072571,0.2902597337961197
77,my_way_home_episode_0046_clip_000014,episode_0046,middle,500,750,0.7503747940063477,276,11,5,0.3125,0.06347500532865524,0.09979745745658875,0.0363224521279335
77,my_way_home_episode_0046_clip_000014,episode_0046,late,900,251,0.251872181892395,277,11,5,0.3125,0.121314138174057,0.1255948394536972,0.004280701279640198
78,my_way_home_episode_0033_clip_000045,episode_0033,early,100,964,0.9643239974975586,278,16,0,0.0,0.18090473115444183,0.23343302309513092,0.05252829194068909
78,my_way_home_episode_0033_clip_000045,episode_0033,middle,500,750,0.7503747940063477,279,16,0,0.0,0.09631370007991791,0.13742727041244507,0.04111357033252716
78,my_way_home_episode_0033_clip_000045,episode_0033,late,900,251,0.251872181892395,280,16,0,0.0,0.19760313630104065,0.2080938071012497,0.010490670800209045
79,my_way_home_episode_0025_clip_000038,episode_0025,early,100,964,0.9643239974975586,281,14,2,0.125,0.18403537571430206,0.5730146765708923,0.38897930085659027
79,my_way_home_episode_0025_clip_000038,episode_0025,middle,500,750,0.7503747940063477,282,14,2,0.125,0.06735974550247192,0.08171109110116959,0.014351345598697662
79,my_way_home_episode_0025_clip_000038,episode_0025,late,900,251,0.251872181892395,283,14,2,0.125,0.13525506854057312,0.14761805534362793,0.01236298680305481
80,my_way_home_episode_0021_clip_000055,episode_0021,early,100,964,0.9643239974975586,284,6,10,0.625,0.19932346045970917,0.1975201517343521,-0.0018033087253570557
80,my_way_home_episode_0021_clip_000055,episode_0021,middle,500,750,0.7503747940063477,285,6,10,0.625,0.06524194031953812,0.08536729961633682,0.020125359296798706
80,my_way_home_episode_0021_clip_000055,episode_0021,late,900,251,0.251872181892395,286,6,10,0.625,0.10583034157752991,0.10715846717357635,0.0013281255960464478
81,my_way_home_episode_0023_clip_000042,episode_0023,early,100,964,0.9643239974975586,287,16,0,0.0,0.10251013189554214,0.10930468887090683,0.006794556975364685
81,my_way_home_episode_0023_clip_000042,episode_0023,middle,500,750,0.7503747940063477,288,16,0,0.0,0.08035306632518768,0.14796240627765656,0.06760933995246887
81,my_way_home_episode_0023_clip_000042,episode_0023,late,900,251,0.251872181892395,289,16,0,0.0,0.11974960565567017,0.17285674810409546,0.05310714244842529
82,my_way_home_episode_0016_clip_000016,episode_0016,early,100,964,0.9643239974975586,290,15,0,0.0,0.1434677690267563,0.16264259815216064,0.019174829125404358
82,my_way_home_episode_0016_clip_000016,episode_0016,middle,500,750,0.7503747940063477,291,15,0,0.0,0.1176333799958229,0.13383682072162628,0.016203440725803375
82,my_way_home_episode_0016_clip_000016,episode_0016,late,900,251,0.251872181892395,292,15,0,0.0,0.20728810131549835,0.22388619184494019,0.016598090529441833
83,my_way_home_episode_0042_clip_000043,episode_0042,early,100,964,0.9643239974975586,293,14,2,0.125,0.13709032535552979,0.1710899919271469,0.033999666571617126
83,my_way_home_episode_0042_clip_000043,episode_0042,middle,500,750,0.7503747940063477,294,14,2,0.125,0.06221526861190796,0.07915858179330826,0.0169433131814003
83,my_way_home_episode_0042_clip_000043,episode_0042,late,900,251,0.251872181892395,295,14,2,0.125,0.11965487152338028,0.12418112903833389,0.004526257514953613
84,my_way_home_episode_0045_clip_000021,episode_0045,early,100,964,0.9643239974975586,296,14,0,0.0,0.15633249282836914,0.2516719102859497,0.09533941745758057
84,my_way_home_episode_0045_clip_000021,episode_0045,middle,500,750,0.7503747940063477,297,14,0,0.0,0.07915299385786057,0.08351791650056839,0.004364922642707825
84,my_way_home_episode_0045_clip_000021,episode_0045,late,900,251,0.251872181892395,298,14,0,0.0,0.1628643125295639,0.16879326105117798,0.005928948521614075
85,my_way_home_episode_0037_clip_000055,episode_0037,early,100,964,0.9643239974975586,299,16,0,0.0,0.22947853803634644,0.22293511033058167,-0.0065434277057647705
85,my_way_home_episode_0037_clip_000055,episode_0037,middle,500,750,0.7503747940063477,300,16,0,0.0,0.1061718538403511,0.13095232844352722,0.024780474603176117
85,my_way_home_episode_0037_clip_000055,episode_0037,late,900,251,0.251872181892395,301,16,0,0.0,0.1431947946548462,0.1458640843629837,0.002669289708137512
87,my_way_home_episode_0026_clip_000058,episode_0026,early,100,964,0.9643239974975586,305,12,4,0.25,0.1451534628868103,0.17534059286117554,0.030187129974365234
87,my_way_home_episode_0026_clip_000058,episode_0026,middle,500,750,0.7503747940063477,306,12,4,0.25,0.08833912760019302,0.10259146988391876,0.014252342283725739
87,my_way_home_episode_0026_clip_000058,episode_0026,late,900,251,0.251872181892395,307,12,4,0.25,0.19973132014274597,0.2052638977766037,0.005532577633857727
88,my_way_home_episode_0009_clip_000041,episode_0009,early,100,964,0.9643239974975586,308,16,0,0.0,0.16540072858333588,0.2058747559785843,0.04047402739524841
88,my_way_home_episode_0009_clip_000041,episode_0009,middle,500,750,0.7503747940063477,309,16,0,0.0,0.08515013009309769,0.08894936740398407,0.003799237310886383
88,my_way_home_episode_0009_clip_000041,episode_0009,late,900,251,0.251872181892395,310,16,0,0.0,0.2055884450674057,0.2115222066640854,0.0059337615966796875
89,my_way_home_episode_0012_clip_000008,episode_0012,early,100,964,0.9643239974975586,311,6,10,0.625,0.09534836560487747,0.1690402776002884,0.07369191199541092
89,my_way_home_episode_0012_clip_000008,episode_0012,middle,500,750,0.7503747940063477,312,6,10,0.625,0.06814543902873993,0.08352852612733841,0.01538308709859848
89,my_way_home_episode_0012_clip_000008,episode_0012,late,900,251,0.251872181892395,313,6,10,0.625,0.19399191439151764,0.20610684156417847,0.012114927172660828
90,my_way_home_episode_0010_clip_000000,episode_0010,early,100,964,0.9643239974975586,314,16,0,0.0,0.10898694396018982,0.16930314898490906,0.06031620502471924
90,my_way_home_episode_0010_clip_000000,episode_0010,middle,500,750,0.7503747940063477,315,16,0,0.0,0.08071287721395493,0.1003001406788826,0.019587263464927673
90,my_way_home_episode_0010_clip_000000,episode_0010,late,900,251,0.251872181892395,316,16,0,0.0,0.180085226893425,0.19515584409236908,0.015070617198944092
91,my_way_home_episode_0036_clip_000053,episode_0036,early,100,964,0.9643239974975586,317,16,0,0.0,0.12237444519996643,0.1404276341199875,0.018053188920021057
91,my_way_home_episode_0036_clip_000053,episode_0036,middle,500,750,0.7503747940063477,318,16,0,0.0,0.08684661239385605,0.0915418192744255,0.004695206880569458
91,my_way_home_episode_0036_clip_000053,episode_0036,late,900,251,0.251872181892395,319,16,0,0.0,0.20766320824623108,0.20832934975624084,0.0006661415100097656
92,my_way_home_episode_0035_clip_000015,episode_0035,early,100,964,0.9643239974975586,320,5,10,0.625,0.05850180238485336,0.09030170738697052,0.03179990500211716
92,my_way_home_episode_0035_clip_000015,episode_0035,middle,500,750,0.7503747940063477,321,5,10,0.625,0.04039134457707405,0.041485097259283066,0.001093752682209015
92,my_way_home_episode_0035_clip_000015,episode_0035,late,900,251,0.251872181892395,322,5,10,0.625,0.12357926368713379,0.12459329515695572,0.00101403146982193
93,my_way_home_episode_0031_clip_000040,episode_0031,early,100,964,0.9643239974975586,323,12,0,0.0,0.20844946801662445,0.2163769155740738,0.00792744755744934
93,my_way_home_episode_0031_clip_000040,episode_0031,middle,500,750,0.7503747940063477,324,12,0,0.0,0.12851637601852417,0.17293237149715424,0.044415995478630066
93,my_way_home_episode_0031_clip_000040,episode_0031,late,900,251,0.251872181892395,325,12,0,0.0,0.1770929992198944,0.17815305292606354,0.0010600537061691284
94,my_way_home_episode_0028_clip_000026,episode_0028,early,100,964,0.9643239974975586,326,16,0,0.0,0.17292159795761108,0.2012128382921219,0.028291240334510803
94,my_way_home_episode_0028_clip_000026,episode_0028,middle,500,750,0.7503747940063477,327,16,0,0.0,0.08262910693883896,0.10496965795755386,0.022340551018714905
94,my_way_home_episode_0028_clip_000026,episode_0028,late,900,251,0.251872181892395,328,16,0,0.0,0.149250790476799,0.1540130227804184,0.004762232303619385
95,my_way_home_episode_0043_clip_000056,episode_0043,early,100,964,0.9643239974975586,329,16,0,0.0,0.16834484040737152,0.20116505026817322,0.0328202098608017
95,my_way_home_episode_0043_clip_000056,episode_0043,middle,500,750,0.7503747940063477,330,16,0,0.0,0.08288264274597168,0.14152951538562775,0.05864687263965607
95,my_way_home_episode_0043_clip_000056,episode_0043,late,900,251,0.251872181892395,331,16,0,0.0,0.16921298205852509,0.17837242782115936,0.009159445762634277
96,my_way_home_episode_0048_clip_000017,episode_0048,early,100,964,0.9643239974975586,332,5,11,0.6875,0.19856442511081696,0.20979760587215424,0.01123318076133728
96,my_way_home_episode_0048_clip_000017,episode_0048,middle,500,750,0.7503747940063477,333,5,11,0.6875,0.05826159566640854,0.0790477767586708,0.020786181092262268
96,my_way_home_episode_0048_clip_000017,episode_0048,late,900,251,0.251872181892395,334,5,11,0.6875,0.1359606683254242,0.13911274075508118,0.0031520724296569824
97,my_way_home_episode_0039_clip_000002,episode_0039,early,100,964,0.9643239974975586,335,8,3,0.1875,0.17488794028759003,0.22702160477638245,0.05213366448879242
97,my_way_home_episode_0039_clip_000002,episode_0039,middle,500,750,0.7503747940063477,336,8,3,0.1875,0.05302966386079788,0.06320953369140625,0.010179869830608368
97,my_way_home_episode_0039_clip_000002,episode_0039,late,900,251,0.251872181892395,337,8,3,0.1875,0.08406586945056915,0.08801530301570892,0.0039494335651397705
98,my_way_home_episode_0020_clip_000039,episode_0020,early,100,964,0.9643239974975586,338,8,8,0.5,0.10700151324272156,0.1470540314912796,0.040052518248558044
98,my_way_home_episode_0020_clip_000039,episode_0020,middle,500,750,0.7503747940063477,339,8,8,0.5,0.045539144426584244,0.06564748287200928,0.020108338445425034
98,my_way_home_episode_0020_clip_000039,episode_0020,late,900,251,0.251872181892395,340,8,8,0.5,0.14714378118515015,0.16022485494613647,0.013081073760986328
99,my_way_home_episode_0024_clip_000049,episode_0024,early,100,964,0.9643239974975586,341,5,6,0.375,0.16818445920944214,0.17815855145454407,0.009974092245101929
99,my_way_home_episode_0024_clip_000049,episode_0024,middle,500,750,0.7503747940063477,342,5,6,0.375,0.06130467727780342,0.07939592748880386,0.018091250211000443
99,my_way_home_episode_0024_clip_000049,episode_0024,late,900,251,0.251872181892395,343,5,6,0.375,0.09731744229793549,0.10463341325521469,0.007315970957279205
100,my_way_home_episode_0044_clip_000031,episode_0044,early,100,964,0.9643239974975586,344,2,6,0.375,0.1785360425710678,0.1763862520456314,-0.0021497905254364014
100,my_way_home_episode_0044_clip_000031,episode_0044,middle,500,750,0.7503747940063477,345,2,6,0.375,0.11996705085039139,0.12096759676933289,0.0010005459189414978
100,my_way_home_episode_0044_clip_000031,episode_0044,late,900,251,0.251872181892395,346,2,6,0.375,0.16960175335407257,0.16897548735141754,-0.0006262660026550293
101,my_way_home_episode_0002_clip_000010,episode_0002,early,100,964,0.9643239974975586,347,16,0,0.0,0.17831534147262573,0.2711595296859741,0.09284418821334839
101,my_way_home_episode_0002_clip_000010,episode_0002,middle,500,750,0.7503747940063477,348,16,0,0.0,0.1714586317539215,0.1816152036190033,0.010156571865081787
101,my_way_home_episode_0002_clip_000010,episode_0002,late,900,251,0.251872181892395,349,16,0,0.0,0.23783235251903534,0.24043366312980652,0.002601310610771179
102,my_way_home_episode_0049_clip_000055,episode_0049,early,100,964,0.9643239974975586,350,8,8,0.5,0.1312657743692398,0.11136213690042496,-0.01990363746881485
102,my_way_home_episode_0049_clip_000055,episode_0049,middle,500,750,0.7503747940063477,351,8,8,0.5,0.05432156100869179,0.07792957127094269,0.0236080102622509
102,my_way_home_episode_0049_clip_000055,episode_0049,late,900,251,0.251872181892395,352,8,8,0.5,0.08280657231807709,0.08518311381340027,0.002376541495323181
104,my_way_home_episode_0004_clip_000020,episode_0004,early,100,964,0.9643239974975586,356,14,0,0.0,0.19353418052196503,0.266023725271225,0.07248954474925995
104,my_way_home_episode_0004_clip_000020,episode_0004,middle,500,750,0.7503747940063477,357,14,0,0.0,0.06312786042690277,0.09767406433820724,0.034546203911304474
104,my_way_home_episode_0004_clip_000020,episode_0004,late,900,251,0.251872181892395,358,14,0,0.0,0.11785293370485306,0.12422923743724823,0.006376303732395172
105,my_way_home_episode_0018_clip_000046,episode_0018,early,100,964,0.9643239974975586,359,16,0,0.0,0.12190979719161987,0.1652197390794754,0.04330994188785553
105,my_way_home_episode_0018_clip_000046,episode_0018,middle,500,750,0.7503747940063477,360,16,0,0.0,0.06524994969367981,0.07684067636728287,0.011590726673603058
105,my_way_home_episode_0018_clip_000046,episode_0018,late,900,251,0.251872181892395,361,16,0,0.0,0.1902945637702942,0.19243746995925903,0.0021429061889648438
107,my_way_home_episode_0005_clip_000033,episode_0005,early,100,964,0.9643239974975586,365,15,1,0.0625,0.24665111303329468,0.3229731321334839,0.07632201910018921
107,my_way_home_episode_0005_clip_000033,episode_0005,middle,500,750,0.7503747940063477,366,15,1,0.0625,0.074121855199337,0.0787590965628624,0.004637241363525391
107,my_way_home_episode_0005_clip_000033,episode_0005,late,900,251,0.251872181892395,367,15,1,0.0625,0.1664925366640091,0.16883574426174164,0.002343207597732544
108,my_way_home_episode_0050_clip_000053,episode_0050,early,100,964,0.9643239974975586,368,16,0,0.0,0.17259535193443298,0.21412748098373413,0.04153212904930115
108,my_way_home_episode_0050_clip_000053,episode_0050,middle,500,750,0.7503747940063477,369,16,0,0.0,0.08601855486631393,0.12444685399532318,0.03842829912900925
108,my_way_home_episode_0050_clip_000053,episode_0050,late,900,251,0.251872181892395,370,16,0,0.0,0.16224394738674164,0.17048250138759613,0.008238554000854492
109,my_way_home_episode_0013_clip_000002,episode_0013,early,100,964,0.9643239974975586,371,13,0,0.0,0.2304416447877884,0.3228641450405121,0.0924225002527237
109,my_way_home_episode_0013_clip_000002,episode_0013,middle,500,750,0.7503747940063477,372,13,0,0.0,0.08435134589672089,0.13401301205158234,0.04966166615486145
109,my_way_home_episode_0013_clip_000002,episode_0013,late,900,251,0.251872181892395,373,13,0,0.0,0.17335861921310425,0.18983879685401917,0.016480177640914917
110,my_way_home_episode_0029_clip_000032,episode_0029,early,100,964,0.9643239974975586,374,16,0,0.0,0.09538055211305618,0.1245717704296112,0.029191218316555023
110,my_way_home_episode_0029_clip_000032,episode_0029,middle,500,750,0.7503747940063477,375,16,0,0.0,0.0637197270989418,0.10190640389919281,0.03818667680025101
110,my_way_home_episode_0029_clip_000032,episode_0029,late,900,251,0.251872181892395,376,16,0,0.0,0.17092365026474,0.18133209645748138,0.010408446192741394
111,my_way_home_episode_0030_clip_000000,episode_0030,early,100,964,0.9643239974975586,377,11,2,0.125,0.16646119952201843,0.2370571494102478,0.07059594988822937
111,my_way_home_episode_0030_clip_000000,episode_0030,middle,500,750,0.7503747940063477,378,11,2,0.125,0.09765251725912094,0.1104949414730072,0.012842424213886261
111,my_way_home_episode_0030_clip_000000,episode_0030,late,900,251,0.251872181892395,379,11,2,0.125,0.17013445496559143,0.17478325963020325,0.004648804664611816
112,my_way_home_episode_0003_clip_000027,episode_0003,early,100,964,0.9643239974975586,380,4,0,0.0,0.20267082750797272,0.20274832844734192,7.750093936920166e-05
112,my_way_home_episode_0003_clip_000027,episode_0003,middle,500,750,0.7503747940063477,381,4,0,0.0,0.10201796889305115,0.1107286661863327,0.008710697293281555
112,my_way_home_episode_0003_clip_000027,episode_0003,late,900,251,0.251872181892395,382,4,0,0.0,0.22647005319595337,0.22660590708255768,0.00013585388660430908
113,my_way_home_episode_0022_clip_000009,episode_0022,early,100,964,0.9643239974975586,383,16,0,0.0,0.13077454268932343,0.1525382548570633,0.021763712167739868
113,my_way_home_episode_0022_clip_000009,episode_0022,middle,500,750,0.7503747940063477,384,16,0,0.0,0.11820991337299347,0.12648311257362366,0.008273199200630188
113,my_way_home_episode_0022_clip_000009,episode_0022,late,900,251,0.251872181892395,385,16,0,0.0,0.26341328024864197,0.26841479539871216,0.00500151515007019
114,my_way_home_episode_0019_clip_000035,episode_0019,early,100,964,0.9643239974975586,386,5,11,0.6875,0.1329287588596344,0.16940179467201233,0.03647303581237793
114,my_way_home_episode_0019_clip_000035,episode_0019,middle,500,750,0.7503747940063477,387,5,11,0.6875,0.03629305958747864,0.07038275897502899,0.034089699387550354
114,my_way_home_episode_0019_clip_000035,episode_0019,late,900,251,0.251872181892395,388,5,11,0.6875,0.06453590840101242,0.0680105909705162,0.003474682569503784
115,my_way_home_episode_0000_clip_000052,episode_0000,early,100,964,0.9643239974975586,389,6,10,0.625,0.18074332177639008,0.17975972592830658,-0.000983595848083496
115,my_way_home_episode_0000_clip_000052,episode_0000,middle,500,750,0.7503747940063477,390,6,10,0.625,0.08394245058298111,0.08587785065174103,0.0019354000687599182
115,my_way_home_episode_0000_clip_000052,episode_0000,late,900,251,0.251872181892395,391,6,10,0.625,0.12370241433382034,0.12302150577306747,-0.0006809085607528687
116,my_way_home_episode_0011_clip_000011,episode_0011,early,100,964,0.9643239974975586,392,16,0,0.0,0.13316994905471802,0.18849703669548035,0.05532708764076233
116,my_way_home_episode_0011_clip_000011,episode_0011,middle,500,750,0.7503747940063477,393,16,0,0.0,0.10284359753131866,0.10949450731277466,0.006650909781455994
116,my_way_home_episode_0011_clip_000011,episode_0011,late,900,251,0.251872181892395,394,16,0,0.0,0.20011313259601593,0.2049160748720169,0.0048029422760009766
117,my_way_home_episode_0038_clip_000058,episode_0038,early,100,964,0.9643239974975586,395,11,0,0.0,0.12282190471887589,0.15792103111743927,0.035099126398563385
117,my_way_home_episode_0038_clip_000058,episode_0038,middle,500,750,0.7503747940063477,396,11,0,0.0,0.09553959965705872,0.11209754645824432,0.016557946801185608
117,my_way_home_episode_0038_clip_000058,episode_0038,late,900,251,0.251872181892395,397,11,0,0.0,0.18611451983451843,0.19117100536823273,0.005056485533714294
118,my_way_home_episode_0046_clip_000039,episode_0046,early,100,964,0.9643239974975586,398,16,0,0.0,0.23946063220500946,0.27402016520500183,0.03455953299999237
118,my_way_home_episode_0046_clip_000039,episode_0046,middle,500,750,0.7503747940063477,399,16,0,0.0,0.10002246499061584,0.1218540295958519,0.021831564605236053
118,my_way_home_episode_0046_clip_000039,episode_0046,late,900,251,0.251872181892395,400,16,0,0.0,0.1988419145345688,0.20274432003498077,0.0039024055004119873
119,my_way_home_episode_0033_clip_000052,episode_0033,early,100,964,0.9643239974975586,401,16,0,0.0,0.23215873539447784,0.25870010256767273,0.026541367173194885
119,my_way_home_episode_0033_clip_000052,episode_0033,middle,500,750,0.7503747940063477,402,16,0,0.0,0.131881445646286,0.14637920260429382,0.014497756958007812
119,my_way_home_episode_0033_clip_000052,episode_0033,late,900,251,0.251872181892395,403,16,0,0.0,0.22672808170318604,0.2280830442905426,0.0013549625873565674
120,my_way_home_episode_0025_clip_000005,episode_0025,early,100,964,0.9643239974975586,404,16,0,0.0,0.14809761941432953,0.19498448073863983,0.0468868613243103
120,my_way_home_episode_0025_clip_000005,episode_0025,middle,500,750,0.7503747940063477,405,16,0,0.0,0.09136365354061127,0.11811832338571548,0.026754669845104218
120,my_way_home_episode_0025_clip_000005,episode_0025,late,900,251,0.251872181892395,406,16,0,0.0,0.2439601719379425,0.25524210929870605,0.01128193736076355
121,my_way_home_episode_0021_clip_000033,episode_0021,early,100,964,0.9643239974975586,407,8,5,0.3125,0.1704898625612259,0.17655445635318756,0.00606459379196167
121,my_way_home_episode_0021_clip_000033,episode_0021,middle,500,750,0.7503747940063477,408,8,5,0.3125,0.15353384613990784,0.15588004887104034,0.0023462027311325073
121,my_way_home_episode_0021_clip_000033,episode_0021,late,900,251,0.251872181892395,409,8,5,0.3125,0.2287280261516571,0.2316134124994278,0.002885386347770691
122,my_way_home_episode_0023_clip_000053,episode_0023,early,100,964,0.9643239974975586,410,14,0,0.0,0.12191731482744217,0.2497563660144806,0.12783905118703842
122,my_way_home_episode_0023_clip_000053,episode_0023,middle,500,750,0.7503747940063477,411,14,0,0.0,0.07242722809314728,0.08091384172439575,0.008486613631248474
122,my_way_home_episode_0023_clip_000053,episode_0023,late,900,251,0.251872181892395,412,14,0,0.0,0.19736069440841675,0.203251451253891,0.005890756845474243
123,my_way_home_episode_0016_clip_000024,episode_0016,early,100,964,0.9643239974975586,413,7,9,0.5625,0.1356256902217865,0.22442825138568878,0.08880256116390228
123,my_way_home_episode_0016_clip_000024,episode_0016,middle,500,750,0.7503747940063477,414,7,9,0.5625,0.08031401038169861,0.08936359733343124,0.009049586951732635
123,my_way_home_episode_0016_clip_000024,episode_0016,late,900,251,0.251872181892395,415,7,9,0.5625,0.20491664111614227,0.2104494720697403,0.0055328309535980225
124,my_way_home_episode_0042_clip_000051,episode_0042,early,100,964,0.9643239974975586,416,13,3,0.1875,0.12348656356334686,0.19747595489025116,0.0739893913269043
124,my_way_home_episode_0042_clip_000051,episode_0042,middle,500,750,0.7503747940063477,417,13,3,0.1875,0.09511484205722809,0.11075721681118011,0.015642374753952026
124,my_way_home_episode_0042_clip_000051,episode_0042,late,900,251,0.251872181892395,418,13,3,0.1875,0.19067339599132538,0.1977052092552185,0.0070318132638931274
125,my_way_home_episode_0045_clip_000024,episode_0045,early,100,964,0.9643239974975586,419,16,0,0.0,0.16362521052360535,0.26213380694389343,0.09850859642028809
125,my_way_home_episode_0045_clip_000024,episode_0045,middle,500,750,0.7503747940063477,420,16,0,0.0,0.09581990540027618,0.1250287890434265,0.02920888364315033
125,my_way_home_episode_0045_clip_000024,episode_0045,late,900,251,0.251872181892395,421,16,0,0.0,0.196804940700531,0.204003244638443,0.007198303937911987
126,my_way_home_episode_0037_clip_000030,episode_0037,early,100,964,0.9643239974975586,422,16,0,0.0,0.1753750890493393,0.2521497309207916,0.07677464187145233
126,my_way_home_episode_0037_clip_000030,episode_0037,middle,500,750,0.7503747940063477,423,16,0,0.0,0.07540856301784515,0.11860199272632599,0.043193429708480835
126,my_way_home_episode_0037_clip_000030,episode_0037,late,900,251,0.251872181892395,424,16,0,0.0,0.15502004325389862,0.17104770243167877,0.01602765917778015
127,my_way_home_episode_0027_clip_000033,episode_0027,early,100,964,0.9643239974975586,425,12,0,0.0,0.12763611972332,0.15195390582084656,0.02431778609752655
127,my_way_home_episode_0027_clip_000033,episode_0027,middle,500,750,0.7503747940063477,426,12,0,0.0,0.1039421409368515,0.12873044610023499,0.024788305163383484
127,my_way_home_episode_0027_clip_000033,episode_0027,late,900,251,0.251872181892395,427,12,0,0.0,0.21829473972320557,0.22247016429901123,0.004175424575805664
